<Configuration>

  <Add OfficeClientEdition="32" Channel="PerpetualVL2019">
    <Product ID="ProPlus2019Volume">
      <Language ID="es-es" />

      <!-- If you need , comment it. -->
      <!-- <ExcludeApp ID="Word" />> -->
      <!-- <ExcludeApp ID="Excel" /> -->
      <!-- <ExcludeApp ID="PowerPoint" /> -->
      <ExcludeApp ID="Outlook" />
      <ExcludeApp ID="OneDrive" />
      <ExcludeApp ID="Access" />
      <ExcludeApp ID="Publisher" />
      <ExcludeApp ID="OneNote" />
      <ExcludeApp ID="Groove" />
      <!-- OneDrive for Business => Groove -->
      <ExcludeApp ID="Lync" />
      <!-- Skype for Business => Lync -->
    </Product>
    <!-- <Product ID="VisioPro2019Volume">
            <Language ID="es-es" />
    </Product>
    <Product ID="ProjectPro2019Volume">
            <Language ID="es-es" />
    </Product> -->
  </Add>
</Configuration>